Nivel,Genero,Modelo,Nombre del producto,Color,Silo,Categoria,Escala,Bultos,Unidades,Precio estimado,Extension
BT,BOYS,314192-117,AIR FORCE 1 BG,WHITE/WHITE-WHITE,LOW TOP,NIKE KIDS,GS9,4,24,36.95,886.8
BT,BOYS,314192-117,AIR FORCE 1 BG,WHITE/WHITE-WHITE,LOW TOP,NIKE KIDS,GS3,11,66,36.95,2438.7
GD,MEN,343880-031,BENASSI JDI,BLACK/LASER ORANGE-IRON GREY,LOW TOP,NIKE SPORTSWEAR,S1,10,60,17.95,1077
GD,MEN,343880-031,BENASSI JDI,BLACK/LASER ORANGE-IRON GREY,LOW TOP,NIKE SPORTSWEAR,S3,10,60,17.95,1077
GD,MEN,343880-090,BENASSI JDI,BLACK/WHITE,LOW TOP,NIKE SPORTSWEAR,S3,10,60,17.95,1077
GD,MEN,343880-090,BENASSI JDI,BLACK/WHITE,LOW TOP,NIKE SPORTSWEAR,S1,10,60,17.95,1077
BT,MEN,553558-039,AIR JORDAN 1 LOW,BLACK/BLACK-LT SMK GREY-WHITE,LOW TOP,JORDAN BRAND,M6,1,6,55.95,335.7
BT,MEN,553558-039,AIR JORDAN 1 LOW,BLACK/BLACK-LT SMK GREY-WHITE,LOW TOP,JORDAN BRAND,M5,1,6,55.95,335.7
BT,MEN,553558-039,AIR JORDAN 1 LOW,BLACK/BLACK-LT SMK GREY-WHITE,LOW TOP,JORDAN BRAND,M8,1,6,55.95,335.7
BT,MEN,553558-130,AIR JORDAN 1 LOW,WHITE/WHITE-WHITE,LOW TOP,JORDAN BRAND,M8,1,6,55.95,335.7
BT,MEN,553558-130,AIR JORDAN 1 LOW,WHITE/WHITE-WHITE,LOW TOP,JORDAN BRAND,M6,1,6,55.95,335.7
BT,MEN,553558-130,AIR JORDAN 1 LOW,WHITE/WHITE-WHITE,LOW TOP,JORDAN BRAND,M5,1,6,55.95,335.7
GD,GIRLS,AQ3542-001,NIKE STAR RUNNER 2 GS,BLACK/WHITE-BLACK-VOLT,LOW TOP,NIKE KIDS,GS3,14,84,27.95,2347.8
GD,GIRLS,AQ3542-001,NIKE STAR RUNNER 2 GS,BLACK/WHITE-BLACK-VOLT,LOW TOP,NIKE KIDS,GS9,7,42,27.95,1173.9
GD,GIRLS,AQ4224-004,TEAM HUSTLE D 9 GS,BLACK/MTLC GOLD-WHITE,THREE QUARTER HIGH,NIKE KIDS,GS9,1,6,30.95,185.7
GD,GIRLS,AQ4224-004,TEAM HUSTLE D 9 GS,BLACK/MTLC GOLD-WHITE,THREE QUARTER HIGH,NIKE KIDS,GS3,3,18,30.95,557.1
GD,GIRLS,AQ4224-403,TEAM HUSTLE D 9 GS,MID NVY/UNV RD-WHT-SFFRN QRTZ,THREE QUARTER HIGH,NIKE KIDS,GS3,3,18,30.95,557.1
GD,GIRLS,AQ4224-403,TEAM HUSTLE D 9 GS,MID NVY/UNV RD-WHT-SFFRN QRTZ,THREE QUARTER HIGH,NIKE KIDS,GS9,1,6,30.95,185.7
GD,BOYS,AQ4225-403,TEAM HUSTLE D 9 PS,MID NVY/UNV RD-WHT-SFFRN QRTZ,THREE QUARTER HIGH,NIKE KIDS,PE2,2,12,29.95,359.4
GD,BOYS,AQ4225-403,TEAM HUSTLE D 9 PS,MID NVY/UNV RD-WHT-SFFRN QRTZ,THREE QUARTER HIGH,NIKE KIDS,PE1,2,12,29.95,359.4
GD,BOYS,AR7419-002,NIKE AIR MAX OKETO BG,BLACK/WHITE,LOW TOP,NIKE KIDS,GS3,6,36,32.95,1186.2
GD,BOYS,AR7419-002,NIKE AIR MAX OKETO BG,BLACK/WHITE,LOW TOP,NIKE KIDS,GS9,3,18,32.95,593.1
GD,BOYS,AR7420-002,NIKE AIR MAX OKETO BPV,BLACK/WHITE,LOW TOP,NIKE KIDS,PE2,5,30,30.95,928.5
GD,BOYS,AR7420-002,NIKE AIR MAX OKETO BPV,BLACK/WHITE,LOW TOP,NIKE KIDS,PE1,5,30,30.95,928.5
GD,BOYS,AR7421-002,NIKE AIR MAX OKETO BTV,BLACK/WHITE,LOW TOP,NIKE KIDS,I1,5,30,24.95,748.5
GD,BOYS,AR7421-002,NIKE AIR MAX OKETO BTV,BLACK/WHITE,LOW TOP,NIKE KIDS,I2,5,30,24.95,748.5
GD,MEN,AT1368-012,NIKE LEGEND REACT 2,BLACK/WHITE-VOLT,LOW TOP,RUNNING,M7,3,18,52.95,953.1
GD,MEN,AT1368-012,NIKE LEGEND REACT 2,BLACK/WHITE-VOLT,LOW TOP,RUNNING,M2,3,18,52.95,953.1
GD,BOYS,AT1801-001,NIKE STAR RUNNER 2 PSV,BLACK/WHITE-BLACK-VOLT,LOW TOP,NIKE KIDS,PE1,10,60,25.95,1557
GD,BOYS,AT1801-001,NIKE STAR RUNNER 2 PSV,BLACK/WHITE-BLACK-VOLT,LOW TOP,NIKE KIDS,PE2,10,60,25.95,1557
GD,MEN,AT5269-010,VAPOR 13 ACADEMY FG/MG,BLACK/BLACK,LOW TOP,FOOTBALL/SOCCER,M6,2,12,45.95,551.4
GD,MEN,AT5269-010,VAPOR 13 ACADEMY FG/MG,BLACK/BLACK,LOW TOP,FOOTBALL/SOCCER,M2,2,12,45.95,551.4
GD,MEN,AT5269-606,VAPOR 13 ACADEMY FG/MG,LASER CRIMSON/BLACK-LSR CRMSN,LOW TOP,FOOTBALL/SOCCER,M2,1,6,45.95,275.7
GD,MEN,AT5269-606,VAPOR 13 ACADEMY FG/MG,LASER CRIMSON/BLACK-LSR CRMSN,LOW TOP,FOOTBALL/SOCCER,M7,1,6,45.95,275.7
GD,MEN,AT7996-010,VAPOR 13 ACADEMY TF,BLACK/BLACK,LOW TOP,FOOTBALL/SOCCER,M7,4,24,45.95,1102.8
GD,MEN,AT7996-010,VAPOR 13 ACADEMY TF,BLACK/BLACK,LOW TOP,FOOTBALL/SOCCER,M2,4,24,45.95,1102.8
GD,MEN,AT7999-606,VAPOR 13 CLUB TF,LASER CRIMSON/BLACK-LSR CRMSN,LOW TOP,FOOTBALL/SOCCER,M2,4,24,29.95,718.8
GD,MEN,AT7999-606,VAPOR 13 CLUB TF,LASER CRIMSON/BLACK-LSR CRMSN,LOW TOP,FOOTBALL/SOCCER,M7,4,24,29.95,718.8
GD,BOYS,AT8177-606,JR VAPOR 13 CLUB TF,LASER CRIMSON/BLACK-LSR CRMSN,LOW TOP,FOOTBALL/SOCCER,GS3,6,36,22.95,826.2
GD,BOYS,AT8178-606,JR VAPOR 13 CLUB TF PS (V),LASER CRIMSON/BLACK-LSR CRMSN,LOW TOP,FOOTBALL/SOCCER,PE2,6,36,22.95,826.2
GD,MEN,BQ3204-002,NIKE REVOLUTION 5,BLACK/WHITE-ANTHRACITE,LOW TOP,RUNNING,M2,10,60,33.95,2037
GD,MEN,BQ3204-002,NIKE REVOLUTION 5,BLACK/WHITE-ANTHRACITE,LOW TOP,RUNNING,M7,10,60,33.95,2037
GD,MEN,BQ3204-010,NIKE REVOLUTION 5,BLACK/GREY FOG-VOLT-WHITE,LOW TOP,RUNNING,M7,5,30,33.95,1018.5
GD,MEN,BQ3204-010,NIKE REVOLUTION 5,BLACK/GREY FOG-VOLT-WHITE,LOW TOP,RUNNING,M2,5,30,33.95,1018.5
GD,MEN,BQ3204-400,NIKE REVOLUTION 5,MIDNIGHT NAVY/WHITE-DK OBSDN,LOW TOP,RUNNING,M2,5,30,33.95,1018.5
GD,MEN,BQ3204-400,NIKE REVOLUTION 5,MIDNIGHT NAVY/WHITE-DK OBSDN,LOW TOP,RUNNING,M7,5,30,33.95,1018.5
GD,WOMEN,BQ3207-002,WMNS NIKE REVOLUTION 5,BLACK/WHITE-ANTHRACITE,LOW TOP,RUNNING,W2,5,30,33.95,1018.5
GD,WOMEN,BQ3207-002,WMNS NIKE REVOLUTION 5,BLACK/WHITE-ANTHRACITE,LOW TOP,RUNNING,W4,4,24,33.95,814.8
GD,WOMEN,BQ3207-002,WMNS NIKE REVOLUTION 5,BLACK/WHITE-ANTHRACITE,LOW TOP,RUNNING,W1,5,30,33.95,1018.5
GD,WOMEN,BQ3207-600,WMNS NIKE REVOLUTION 5,BRLY RS/MTLC RD BRNZ-STN MV-BL,LOW TOP,RUNNING,W4,3,18,33.95,611.1
GD,WOMEN,BQ3207-600,WMNS NIKE REVOLUTION 5,BRLY RS/MTLC RD BRNZ-STN MV-BL,LOW TOP,RUNNING,W1,3,18,33.95,611.1
GD,WOMEN,BQ3207-600,WMNS NIKE REVOLUTION 5,BRLY RS/MTLC RD BRNZ-STN MV-BL,LOW TOP,RUNNING,W2,4,24,33.95,814.8
GD,MEN,BQ4639-001,NIKE OFFCOURT SLIDE,DK GREY/BLACK-WHITE,LOW TOP,NIKE SPORTSWEAR,S1,10,60,19.95,1197
GD,MEN,BQ4639-001,NIKE OFFCOURT SLIDE,DK GREY/BLACK-WHITE,LOW TOP,NIKE SPORTSWEAR,S3,10,60,19.95,1197
GD,GIRLS,BQ5671-003,NIKE REVOLUTION 5 GS,BLACK/WHITE-ANTHRACITE,LOW TOP,NIKE KIDS,GS9,7,42,29.95,1257.9
GD,GIRLS,BQ5671-003,NIKE REVOLUTION 5 GS,BLACK/WHITE-ANTHRACITE,LOW TOP,NIKE KIDS,GS3,14,84,29.95,2515.8
BT,BOYS,BQ5776-001,AIR MAX 270 BG,BLACK/BLACK,LOW TOP,NIKE KIDS,GS2,5,30,65.95,1978.5
GD,MEN,BV7427-006,LEBRON WITNESS IV,BLACK/GYM RED-UNIV RED,THREE QUARTER HIGH,BASKETBALL,M7,1,6,52.95,317.7
GD,MEN,BV7427-006,LEBRON WITNESS IV,BLACK/GYM RED-UNIV RED,THREE QUARTER HIGH,BASKETBALL,M2,1,6,52.95,317.7
GD,MEN,BV7427-006,LEBRON WITNESS IV,BLACK/GYM RED-UNIV RED,THREE QUARTER HIGH,BASKETBALL,M6,1,6,52.95,317.7
GD,MEN,CD0200-002,NIKE RENEW FUSION,BLACK/WHITE-DK SMOKE GREY,LOW TOP,ATHLETIC TRAINING,M2,3,18,48.95,881.1
GD,MEN,CD0200-002,NIKE RENEW FUSION,BLACK/WHITE-DK SMOKE GREY,LOW TOP,ATHLETIC TRAINING,M7,3,18,48.95,881.1
GD,WOMEN,CD0303-001,WMNS NIKE REVOLUTION 5 SE,BLK/MTLC DK GRY-PLM DST-RYL PL,LOW TOP,RUNNING,W2,4,24,35.95,862.8
GD,WOMEN,CD0303-001,WMNS NIKE REVOLUTION 5 SE,BLK/MTLC DK GRY-PLM DST-RYL PL,LOW TOP,RUNNING,W4,3,18,35.95,647.1
GD,WOMEN,CD0303-001,WMNS NIKE REVOLUTION 5 SE,BLK/MTLC DK GRY-PLM DST-RYL PL,LOW TOP,RUNNING,W1,3,18,35.95,647.1
GD,MEN,CD4165-005,NIKE AIR MAX EXCEE,BLACK/WHITE-UNIV RED,LOW TOP,NIKE SPORTSWEAR,M2,1,6,49.95,299.7
GD,MEN,CD4165-005,NIKE AIR MAX EXCEE,BLACK/WHITE-UNIV RED,LOW TOP,NIKE SPORTSWEAR,M7,1,6,49.95,299.7
GD,MEN,CD4165-104,NIKE AIR MAX EXCEE,WHITE/BLACK-ORCL AQUA-GHST GRN,LOW TOP,NIKE SPORTSWEAR,M2,1,6,49.95,299.7
GD,MEN,CD4165-104,NIKE AIR MAX EXCEE,WHITE/BLACK-ORCL AQUA-GHST GRN,LOW TOP,NIKE SPORTSWEAR,M7,1,6,49.95,299.7
GD,WOMEN,CD5403-602,WMNS NIKE AMIXA,WSHD CORAL/PL IVRY-BLACK-WHITE,LOW TOP,NIKE SPORTSWEAR,W5,4,24,39.95,958.8
GD,WOMEN,CD5403-602,WMNS NIKE AMIXA,WSHD CORAL/PL IVRY-BLACK-WHITE,LOW TOP,NIKE SPORTSWEAR,W13,3,18,39.95,719.1
GD,WOMEN,CD5403-602,WMNS NIKE AMIXA,WSHD CORAL/PL IVRY-BLACK-WHITE,LOW TOP,NIKE SPORTSWEAR,W2,5,30,39.95,1198.5
GD,WOMEN,CD5432-600,WMNS NIKE AIR MAX EXCEE,WASHED CORAL/BLACK-WHITE,LOW TOP,NIKE SPORTSWEAR,W13,2,12,49.95,599.4
GD,WOMEN,CD5432-600,WMNS NIKE AIR MAX EXCEE,WASHED CORAL/BLACK-WHITE,LOW TOP,NIKE SPORTSWEAR,W2,2,12,49.95,599.4
GD,WOMEN,CD5432-600,WMNS NIKE AIR MAX EXCEE,WASHED CORAL/BLACK-WHITE,LOW TOP,NIKE SPORTSWEAR,W5,2,12,49.95,599.4
GD,MEN,CI1396-005,NIKE AIR MAX IMPACT,BLACK/MTLC GOLD-DK SMOKE GREY,THREE QUARTER HIGH,BASKETBALL,M5,1,6,49.95,299.7
GD,MEN,CI1396-005,NIKE AIR MAX IMPACT,BLACK/MTLC GOLD-DK SMOKE GREY,THREE QUARTER HIGH,BASKETBALL,M8,1,6,49.95,299.7
GD,MEN,CI1396-005,NIKE AIR MAX IMPACT,BLACK/MTLC GOLD-DK SMOKE GREY,THREE QUARTER HIGH,BASKETBALL,M9,1,6,49.95,299.7
GD,WOMEN,CI9984-200,WMNS NIKE DOWNSHIFTER 10,STN MV/MTLC RD BRNZ-SMKY MV-BR,LOW TOP,RUNNING,W2,8,48,35.95,1725.6
GD,WOMEN,CI9984-200,WMNS NIKE DOWNSHIFTER 10,STN MV/MTLC RD BRNZ-SMKY MV-BR,LOW TOP,RUNNING,W4,6,36,35.95,1294.2
GD,WOMEN,CI9984-200,WMNS NIKE DOWNSHIFTER 10,STN MV/MTLC RD BRNZ-SMKY MV-BR,LOW TOP,RUNNING,W1,6,36,35.95,1294.2
GD,MEN,CJ0813-001,NIKE VARSITY COMPETE TR 3,BLACK/WHITE-SMOKE GREY,LOW TOP,ATHLETIC TRAINING,M2,10,60,38.95,2337
GD,MEN,CJ0813-001,NIKE VARSITY COMPETE TR 3,BLACK/WHITE-SMOKE GREY,LOW TOP,ATHLETIC TRAINING,M7,10,60,38.95,2337
GD,MEN,CJ0813-003,NIKE VARSITY COMPETE TR 3,LT SMOKE GREY/WHITE-BLACK,LOW TOP,ATHLETIC TRAINING,M2,5,30,38.95,1168.5
GD,MEN,CJ0813-003,NIKE VARSITY COMPETE TR 3,LT SMOKE GREY/WHITE-BLACK,LOW TOP,ATHLETIC TRAINING,M7,5,30,38.95,1168.5
GD,MEN,CJ0813-004,NIKE VARSITY COMPETE TR 3,DK SMOKE GREY/WHITE-BLACK-VOLT,LOW TOP,ATHLETIC TRAINING,M2,5,30,38.95,1168.5
GD,MEN,CJ0813-004,NIKE VARSITY COMPETE TR 3,DK SMOKE GREY/WHITE-BLACK-VOLT,LOW TOP,ATHLETIC TRAINING,M7,5,30,38.95,1168.5
BT,MEN,CJ0861-007,NIKE FREE METCON 3,BLACK/WHITE-VOLT,LOW TOP,ATHLETIC TRAINING,M2,3,18,65.95,1187.1
BT,MEN,CJ0861-007,NIKE FREE METCON 3,BLACK/WHITE-VOLT,LOW TOP,ATHLETIC TRAINING,M7,3,18,65.95,1187.1
BT,MEN,CJ0861-060,NIKE FREE METCON 3,DK SMK GREY/SPRC AR-LSR CRMSN,LOW TOP,ATHLETIC TRAINING,M2,3,18,65.95,1187.1
BT,MEN,CJ0861-060,NIKE FREE METCON 3,DK SMK GREY/SPRC AR-LSR CRMSN,LOW TOP,ATHLETIC TRAINING,M7,3,18,65.95,1187.1
BT,MEN,CJ0887-001,NIKE SB ADVERSARY,BLACK/WHITE-BLACK,LOW TOP,ACTION SPORTS,M5,5,30,42.95,1288.5
BT,MEN,CJ0887-001,NIKE SB ADVERSARY,BLACK/WHITE-BLACK,LOW TOP,ACTION SPORTS,M8,3,18,42.95,773.1
BT,MEN,CJ0887-100,NIKE SB ADVERSARY,WHITE/BLACK-WHITE,LOW TOP,ACTION SPORTS,M5,3,18,42.95,773.1
BT,MEN,CJ0887-100,NIKE SB ADVERSARY,WHITE/BLACK-WHITE,LOW TOP,ACTION SPORTS,M8,1,6,42.95,257.7
BT,MEN,CJ0887-400,NIKE SB ADVERSARY,MID NVY/WHT-MID NVY-UNV RD,LOW TOP,ACTION SPORTS,M5,5,30,42.95,1288.5
BT,MEN,CJ0887-400,NIKE SB ADVERSARY,MID NVY/WHT-MID NVY-UNV RD,LOW TOP,ACTION SPORTS,M8,1,6,42.95,257.7
BT,BOYS,CJ4092-002,AIR FORCE 1 LV8 3 SU20 BG,PHTN DST/PHTN DST-DGTL PNK-WHT,LOW TOP,NIKE KIDS,GS3,6,36,44.95,1618.2
BT,BOYS,CJ4092-002,AIR FORCE 1 LV8 3 SU20 BG,PHTN DST/PHTN DST-DGTL PNK-WHT,LOW TOP,NIKE KIDS,GS9,3,18,44.95,809.1
BT,BOYS,CJ4092-100,AIR FORCE 1 LV8 3 SU20 BG,WHITE/WHITE-BLACK,LOW TOP,NIKE KIDS,GS3,4,24,44.95,1078.8
BT,BOYS,CJ4092-100,AIR FORCE 1 LV8 3 SU20 BG,WHITE/WHITE-BLACK,LOW TOP,NIKE KIDS,GS9,2,12,44.95,539.4
BT,BOYS,CJ4093-001,AIR FORCE 1 LV8 FRESH AIR BG,PR PLTNM/INDG FG-WHT-HYPR CRMS,LOW TOP,NIKE KIDS,GS3,4,24,44.95,1078.8
BT,BOYS,CJ4093-001,AIR FORCE 1 LV8 FRESH AIR BG,PR PLTNM/INDG FG-WHT-HYPR CRMS,LOW TOP,NIKE KIDS,GS9,2,12,44.95,539.4
GD,MEN,CK2090-003,KD TREY 5 VIII,BLACK/WHITE-ARR GREEN-SMK GRY,LOW TOP,BASKETBALL,M5,1,6,49.95,299.7
GD,MEN,CK2090-003,KD TREY 5 VIII,BLACK/WHITE-ARR GREEN-SMK GRY,LOW TOP,BASKETBALL,M8,1,6,49.95,299.7
GD,MEN,CK2090-003,KD TREY 5 VIII,BLACK/WHITE-ARR GREEN-SMK GRY,LOW TOP,BASKETBALL,M9,1,6,49.95,299.7
GD,MEN,CK6357-002,NIKE RENEW RUN,BLK/MTLC SLVR-WHT-DK SMK GRY,LOW TOP,RUNNING,M7,4,24,46.95,1126.8
GD,MEN,CK6357-002,NIKE RENEW RUN,BLK/MTLC SLVR-WHT-DK SMK GRY,LOW TOP,RUNNING,M2,4,24,46.95,1126.8
GD,MEN,CK6357-005,NIKE RENEW RUN,BLACK/WHITE-UNIV RED,LOW TOP,RUNNING,M2,4,24,46.95,1126.8
GD,MEN,CK6357-005,NIKE RENEW RUN,BLACK/WHITE-UNIV RED,LOW TOP,RUNNING,M7,4,24,46.95,1126.8
GD,BOYS,CQ4648-004,REVOLUTION 5 FLYEASE PSV,BLACK/WHITE-WHITE-BLACK,LOW TOP,NIKE KIDS,PE2,10,60,26.95,1617
GD,BOYS,CQ4648-004,REVOLUTION 5 FLYEASE PSV,BLACK/WHITE-WHITE-BLACK,LOW TOP,NIKE KIDS,PE1,10,60,26.95,1617
GD,MEN,CT3509-001,NIKE RENEW RUN SE,BLACK/SMMT WHITE-MD OLV-LMLGHT,LOW TOP,RUNNING,M2,2,12,49.95,599.4
GD,MEN,CT3509-001,NIKE RENEW RUN SE,BLACK/SMMT WHITE-MD OLV-LMLGHT,LOW TOP,RUNNING,M7,2,12,49.95,599.4
BT,MEN,315122-111,AIR FORCE 1 '07 LE,WHITE/WHITE,LOW TOP,NIKE SPORTSWEAR,M2,5,30,50.95,1528.5
BT,MEN,315122-111,AIR FORCE 1 '07 LE,WHITE/WHITE,LOW TOP,NIKE SPORTSWEAR,M7,5,30,50.95,1528.5
BT,WOMEN,AR5339-002,W AF1 SAGE LOW,BLACK/BLACK-WHITE,LOW TOP,NIKE SPORTSWEAR,W13,6,36,54.95,1978.2
BT,WOMEN,AR5339-002,W AF1 SAGE LOW,BLACK/BLACK-WHITE,LOW TOP,NIKE SPORTSWEAR,W2,6,36,54.95,1978.2
BT,WOMEN,AR5339-100,W AF1 SAGE LOW,WHITE/WHITE-WHITE,LOW TOP,NIKE SPORTSWEAR,W13,6,36,54.95,1978.2
BT,WOMEN,AR5339-100,W AF1 SAGE LOW,WHITE/WHITE-WHITE,LOW TOP,NIKE SPORTSWEAR,W2,6,36,54.95,1978.2
BT,WOMEN,AR5339-201,W AF1 SAGE LOW,PARTICLE BEIGE/PRTCL BG-PHNTM,LOW TOP,NIKE SPORTSWEAR,W13,6,36,54.95,1978.2
BT,WOMEN,AR5339-201,W AF1 SAGE LOW,PARTICLE BEIGE/PRTCL BG-PHNTM,LOW TOP,NIKE SPORTSWEAR,W2,6,36,54.95,1978.2
BS,MEN,CD4373-006,NIKE REACT VISION,BLACK/WHITE-BLACK,LOW TOP,NIKE SPORTSWEAR,M2,2,12,69.95,839.4
BS,MEN,CD4373-006,NIKE REACT VISION,BLACK/WHITE-BLACK,LOW TOP,NIKE SPORTSWEAR,M7,2,12,69.95,839.4
BS,MEN,CJ0585-003,AIR MAX 720 ,BLACK/WHITE-MTLC SILVER,LOW TOP,NIKE SPORTSWEAR,M5,1,6,97.95,587.7
BS,MEN,CJ0585-003,AIR MAX 720 ,BLACK/WHITE-MTLC SILVER,LOW TOP,NIKE SPORTSWEAR,M8,1,6,97.95,587.7
BS,WOMEN,CJ0620-600,W AIR MAX 270 REACT SE,LT ARCTC PNK/BLK-ORNG PLS-WHT,LOW TOP,NIKE SPORTSWEAR,W1,1,6,84.95,509.7
BS,WOMEN,CJ0620-600,W AIR MAX 270 REACT SE,LT ARCTC PNK/BLK-ORNG PLS-WHT,LOW TOP,NIKE SPORTSWEAR,W2,2,12,84.95,1019.4
BS,WOMEN,CJ0620-600,W AIR MAX 270 REACT SE,LT ARCTC PNK/BLK-ORNG PLS-WHT,LOW TOP,NIKE SPORTSWEAR,W4,1,6,84.95,509.7
BT,WOMEN,CJ0629-102,W AIR MAX 200,SMMT WHT/MTLC SLVR-LT ORWD BRN,LOW TOP,NIKE SPORTSWEAR,W2,2,12,66.95,803.4
BT,WOMEN,CJ0629-102,W AIR MAX 200,SMMT WHT/MTLC SLVR-LT ORWD BRN,LOW TOP,NIKE SPORTSWEAR,W5,1,6,66.95,401.7
BT,WOMEN,CJ0629-102,W AIR MAX 200,SMMT WHT/MTLC SLVR-LT ORWD BRN,LOW TOP,NIKE SPORTSWEAR,W13,1,6,66.95,401.7
BT,WOMEN,CJ0636-500,W NIKE AIR MAX DIA,LT VLT/BLACK-CRMSN TNT-WHITE,LOW TOP,NIKE SPORTSWEAR,W5,1,6,59.95,359.7
BT,WOMEN,CJ0636-500,W NIKE AIR MAX DIA,LT VLT/BLACK-CRMSN TNT-WHITE,LOW TOP,NIKE SPORTSWEAR,W13,1,6,59.95,359.7
BT,WOMEN,CJ0636-500,W NIKE AIR MAX DIA,LT VLT/BLACK-CRMSN TNT-WHITE,LOW TOP,NIKE SPORTSWEAR,W2,2,12,59.95,719.4
BT,MEN,CJ1379-001,AIR FORCE 1 '07 LV8 3SU20,BLACK/BLACK-WHITE,LOW TOP,NIKE SPORTSWEAR,M5,8,48,54.95,2637.6
BT,MEN,CJ1379-100,AIR FORCE 1 '07 LV8 3SU20,WHITE/WHITE-BLACK,LOW TOP,NIKE SPORTSWEAR,M5,8,48,54.95,2637.6
BT,MEN,CJ1393-002,AIR FORCE 1 '07 3SU20,BLACK/BLACK-LASER CRIMSON,LOW TOP,NIKE SPORTSWEAR,M7,5,30,49.95,1498.5
BT,MEN,CJ1393-002,AIR FORCE 1 '07 3SU20,BLACK/BLACK-LASER CRIMSON,LOW TOP,NIKE SPORTSWEAR,M2,5,30,49.95,1498.5
BT,MEN,CJ1393-003,AIR FORCE 1 '07 3SU20,BLACK/BLACK-BARELY VOLT,LOW TOP,NIKE SPORTSWEAR,M2,5,30,49.95,1498.5
BT,MEN,CJ1393-003,AIR FORCE 1 '07 3SU20,BLACK/BLACK-BARELY VOLT,LOW TOP,NIKE SPORTSWEAR,M7,5,30,49.95,1498.5
BT,WOMEN,CJ1642-002,W AF1 SAGE LOW SUFA20,PLTNM VLT/WHT-PLTNM VLT-PLTNM,LOW TOP,NIKE SPORTSWEAR,W2,4,24,54.95,1318.8
BT,WOMEN,CJ1642-002,W AF1 SAGE LOW SUFA20,PLTNM VLT/WHT-PLTNM VLT-PLTNM,LOW TOP,NIKE SPORTSWEAR,W4,2,12,54.95,659.4
BT,WOMEN,CJ1642-002,W AF1 SAGE LOW SUFA20,PLTNM VLT/WHT-PLTNM VLT-PLTNM,LOW TOP,NIKE SPORTSWEAR,W5,4,24,54.95,1318.8
BT,WOMEN,CJ1642-002,W AF1 SAGE LOW SUFA20,PLTNM VLT/WHT-PLTNM VLT-PLTNM,LOW TOP,NIKE SPORTSWEAR,W1,2,12,54.95,659.4
BT,WOMEN,CJ1646-100,WMNS AIR FORCE 1 '07 ESS SUF20,WHITE/WHITE-WHITE,LOW TOP,NIKE SPORTSWEAR,W2,4,24,49.95,1198.8
BT,WOMEN,CJ1646-100,WMNS AIR FORCE 1 '07 ESS SUF20,WHITE/WHITE-WHITE,LOW TOP,NIKE SPORTSWEAR,W5,2,12,49.95,599.4
BT,WOMEN,CJ1646-100,WMNS AIR FORCE 1 '07 ESS SUF20,WHITE/WHITE-WHITE,LOW TOP,NIKE SPORTSWEAR,W13,2,12,49.95,599.4
BT,WOMEN,CJ1646-600,WMNS AIR FORCE 1 '07 ESS SUF20,BARELY ROSE/BARELY ROSE-WHITE,LOW TOP,NIKE SPORTSWEAR,W5,2,12,49.95,599.4
BT,WOMEN,CJ1646-600,WMNS AIR FORCE 1 '07 ESS SUF20,BARELY ROSE/BARELY ROSE-WHITE,LOW TOP,NIKE SPORTSWEAR,W13,2,12,49.95,599.4
BT,WOMEN,CJ1646-600,WMNS AIR FORCE 1 '07 ESS SUF20,BARELY ROSE/BARELY ROSE-WHITE,LOW TOP,NIKE SPORTSWEAR,W2,4,24,49.95,1198.8
BT,MEN,CK4392-001,AIR FORCE 1 '07 JEWEL PRM,BLACK/BLACK-SAFETY ORANGE-SAIL,LOW TOP,NIKE SPORTSWEAR,M2,3,18,69.95,1259.1
BT,MEN,CK4392-001,AIR FORCE 1 '07 JEWEL PRM,BLACK/BLACK-SAFETY ORANGE-SAIL,LOW TOP,NIKE SPORTSWEAR,M7,3,18,69.95,1259.1
BS,MEN,CT1020-100,AIR FORCE 1 REACT ,WHT/LT SMK GRY-UNV RD-UNV GLD,LOW TOP,NIKE SPORTSWEAR,M7,2,12,66.95,803.4
BS,MEN,CT1020-100,AIR FORCE 1 REACT ,WHT/LT SMK GRY-UNV RD-UNV GLD,LOW TOP,NIKE SPORTSWEAR,M2,2,12,66.95,803.4
BT,MEN,CT1262-100,AIR MAX 200,WHT/MTLC PWTR-DK SMK GRY-BLK,LOW TOP,NIKE SPORTSWEAR,M2,3,18,66.95,1205.1
BT,MEN,CT1262-100,AIR MAX 200,WHT/MTLC PWTR-DK SMK GRY-BLK,LOW TOP,NIKE SPORTSWEAR,M7,3,18,66.95,1205.1
BT,MEN,CT1262-103,AIR MAX 200,WHT/UNV BL-MID NVY-UNV GLD,LOW TOP,NIKE SPORTSWEAR,M7,3,18,66.95,1205.1
BT,MEN,CT1262-103,AIR MAX 200,WHT/UNV BL-MID NVY-UNV GLD,LOW TOP,NIKE SPORTSWEAR,M2,3,18,66.95,1205.1
BS,MEN,CT1264-101,AIR MAX 270 REACT,WHITE/BLACK-MTLC PEWTER,LOW TOP,NIKE SPORTSWEAR,M5,2,12,85.95,1031.4
BS,MEN,CT1264-101,AIR MAX 270 REACT,WHITE/BLACK-MTLC PEWTER,LOW TOP,NIKE SPORTSWEAR,M8,2,12,85.95,1031.4
BS,WOMEN,CW2537-500,W NIKE AIR MAX 720 PRNT,LT VLT/GV IC-CRMSN TNT-PNK TNT,LOW TOP,NIKE SPORTSWEAR,W5,1,6,97.95,587.7
BS,WOMEN,CW2537-500,W NIKE AIR MAX 720 PRNT,LT VLT/GV IC-CRMSN TNT-PNK TNT,LOW TOP,NIKE SPORTSWEAR,W2,1,6,97.95,587.7
BS,MEN,CW7474-001,NIKE AIR MAX 270 REACT FOA,BLACK/PSTCH FROST-SLVR PN-VLT,LOW TOP,NIKE SPORTSWEAR,M2,2,12,54.95,659.4
BS,MEN,CW7474-001,NIKE AIR MAX 270 REACT FOA,BLACK/PSTCH FROST-SLVR PN-VLT,LOW TOP,NIKE SPORTSWEAR,M7,2,12,54.95,659.4
